{"val_loss": [0.30259094201028347, 0.06137867759053524, 0.06744685413268132, 0.07685973254056314, 0.06846945477315249, 0.03164488577376454], "acc": [0.7333333333333333, 0.8526785714285714, 0.9953488372093023, 0.9953488374865332, 1.0, 0.9953488372093023], "loss": [0.6944353659947713, 0.45299096618379864, 0.07813302936942078, 0.03930503431447717, 0.02850812205741572, 0.03179706626376787], "val_acc": [0.90625, 1.0, 0.9743589743589743, 0.9871794871794872, 0.9871794871794872, 0.9871794871794872]}