{"B": 132.43910330861902, "R": 105.09785021933152, "G": 117.34416815995398}